<?xml version="1.0" encoding="UTF-8" standalone="yes"?>
<addon id="repository.exodusredux" name="Exodus Redux Repo (patches)" version="0.0.1" provider-name="Kris">
    <extension point="xbmc.addon.repository" name="Exodus Redux Repo">
    <dir>
        <info compressed="false">https://raw.githubusercontent.com/fixformyparents/FIX/master/addons.xml</info>
        <checksum>https://raw.githubusercontent.com/fixformyparents/FIX/master/addons.xml.md5</checksum>
        <datadir zip="true">https://raw.githubusercontent.com/fixformyparents/FIX/master/</datadir>
    </dir>
    <dir>
        <info compressed="false">https://raw.githubusercontent.com/a4k-openproject/repository.openscrapers/master/zips/addons.xml</info>
        <checksum>https://raw.githubusercontent.com/a4k-openproject/repository.openscrapers/master/zips/addons.xml.md5</checksum>
        <datadir zip="true">https://raw.githubusercontent.com/a4k-openproject/repository.openscrapers/master/zips/</datadir>
    </dir>
    <dir>
        <info compressed="false">https://raw.githubusercontent.com/jsergio123/zips/master/addons.xml</info>
        <checksum>https://raw.githubusercontent.com/jsergio123/zips/master/addons.xml.md5</checksum>
        <datadir zip="true">https://raw.githubusercontent.com/jsergio123/zips/master/</datadir>
    </dir>
    <dir>
        <info compressed="false">https://raw.githubusercontent.com/123Venom/zips/master/addons.xml</info>
        <checksum>https://raw.githubusercontent.com/123Venom/zips/master/addons.xml.md5</checksum>
        <datadir zip="true">https://raw.githubusercontent.com/123Venom/zips/master/</datadir>
    </dir>
    </extension>
    <extension point="xbmc.addon.metadata">
        <summary lang="en">Exodus Redux is a educational add-on. We do not host any of the contents streamed.</summary>
        <description lang="en"></description>
        <platform>all</platform>
    </extension>
</addon>
